id;street_address;postal_code;city;state_province
1;Secured a;Tomé-et-Principe program Allemagne;West Saloméfort;Soft Colombie
2;installation c generating;c;Lake Alcimeburgh;Gold harness
3;neural;e-markets Reverse-engineered a;South Genevièvefort;Outdoors
4;pink;SCSI;East Colinemouth;Fuerte Sports
5;17(E.U.A.-17) Frozen Ouzbékistan;analyzer;Sarcelles;extend help-desk Cambridgeshire
6;Exclusive cutting-edge;compelling Beauty;Guenièvreton;c mobile
7;infomediaries Grenade Licensed;Haute-Normandie JBOD;Lucienchester;Jewelery Bacon
8;Licensed c;connect Toys c;East Clioland;methodologies
9;Refined Nigeria synthesize;digital withdrawal;Leclercbury;IB
10;de;utilisation du;Vénissieux;Bhutanese extensible
